watchmode_id,imdb_id,title,year,metascore,genre,plot,nb_sources,sources,prix_min,sources_min,already_seen,never_watch
1727260,tt32246771,Bring Her Back,2025,75,"Horror, Mystery",A brother and sister uncover a terrifying ritual at the secluded home of their new foster mother.,18,"AppleTV, Cineplex, Amazon, FlixFling, Plex, Prime Video",5.99,FlixFling,false,false
1530676,tt3045628,Holland,2025,42,"Crime, Drama, Mystery","A woman's picture-perfect life in quaint Holland, Michigan, crumbles when she and a friend uncover a twisted secret in their midst.",1,Prime Video,,,false,false
1835776,tt23724242,Last Take: Rust and the Story of Halyna,2025,67,Documentary,"A personal look at the life, work and untimely death of celebrated indie cinematographer Halyna Hutchins, who was shot and killed in a tragic accident on the set of the film Rust in 2021.",1,Disney+,,,false,true
1710052,tt27812086,Cleaner,2025,51,"Action, Drama, Thriller","Criminal activists hijack a gala, taking 300 hostages. One extremist plans mass murder as a message to the world. An Ex-soldier turned window cleaner now works to rescue the hostages.",15,"AppleTV, Paramount Plus, Cineplex, Amazon, YouTube",5.99,"AppleTV, Cineplex, Amazon, YouTube",false,false
1822595,tt31888477,Downton Abbey: The Grand Finale,2025,66,Drama,"When Mary finds herself in a public scandal and the family faces financial trouble, the household grapples with the threat of social disgrace. The Crawleys must embrace change with the next generation leading Downton Abbey into th...",12,"AppleTV, Amazon",24.99,"AppleTV, Amazon",false,false
1567833,tt9619824,Final Destination Bloodlines,2025,73,"Horror, Thriller","Plagued by a recurring violent nightmare, a college student returns home to find the one person who can break the cycle and save her family from the horrific fate that inevitably awaits them.",15,"AppleTV, Cineplex, Amazon, Crave",6.99,"AppleTV, Cineplex",true,false
1695539,tt3402138,The Naked Gun,2025,75,"Action, Comedy, Crime",Only one man has the particular set of skills - to lead Police Squad and save the world.,17,"AppleTV, Paramount Plus, Cineplex, Amazon, Plex",6.99,"AppleTV, Plex, Amazon",false,false
1690770,tt13650814,Borderline,2025,63,"Comedy, Horror, Thriller",A bodyguard protects a pop superstar and her athlete boyfriend from a determined stalker in 1990s Los Angeles.,6,"AppleTV, YouTube",4.99,AppleTV,false,false
1784103,tt31036941,Jurassic World Rebirth,2025,50,"Action, Adventure, Sci-Fi","Five years post-Jurassic World: Dominion (2022), an expedition braves isolated equatorial regions to extract DNA from three massive prehistoric creatures for a groundbreaking medical breakthrough.",16,"AppleTV, Cineplex, Amazon",14.99,"AppleTV, Amazon",false,false
1819998,tt32299316,Dangerous Animals,2025,65,"Horror, Thriller","When Zephyr, a savvy and free-spirited surfer, is abducted by a shark-obsessed serial killer and held captive on his boat, she must figure out how to escape before he carries out a ritualistic feeding to the sharks below.",16,"AppleTV, Plex, Cineplex, Amazon",6.99,"AppleTV, Plex, Cineplex, Amazon",false,false
1858229,tt12908150,The Life of Chuck,2025,67,"Drama, Fantasy, Sci-Fi","A life-affirming, genre-bending story about three chapters in the life of an ordinary man named Charles Krantz.",16,"AppleTV, Plex, Cineplex, Amazon",6.99,"AppleTV, Plex, Cineplex, Amazon",false,false
1536764,tt0800175,Red Sonja,2025,41,"Action, Adventure, Drama","An adaptation of the comic book, Red Sonja, a vengeful warrior known as a ""She-Devil with a sword"".",13,"AppleTV, Hoopla, Cineplex, Amazon, Plex",6.99,"AppleTV, Plex, Cineplex, Amazon",false,true
3245328,tt9603060,Star Trek: Section 31,2025,37,"Action, Adventure, Drama","In Star Trek: Section 31, Emperor Philippa Georgiou joins a secret division of Starfleet tasked with protecting the United Federation of Planets, and must face the sins of her past.",18,"AppleTV, Paramount Plus, Cineplex, Amazon, FlixFling, Plex",5.99,FlixFling,false,true
1717507,tt30253473,Materialists,2025,70,"Comedy, Romance",An ambitious young New York City matchmaker finds herself torn between the perfect match and her imperfect ex.,17,"AppleTV, Hoopla, Cineplex, Amazon, Plex",6.99,"AppleTV, Plex, Cineplex, Amazon",false,false
1884650,tt29603959,Novocaine,2025,58,"Action, Comedy, Crime","When the girl of his dreams is kidnapped, a man incapable of feeling physical pain turns his rare condition into an unexpected advantage in the fight to rescue her.",20,"AppleTV, Paramount Plus, Cineplex, Amazon, YouTube, FlixFling, Plex",5.99,FlixFling,true,false
1632660,tt14127944,The Actor,2025,62,"Crime, Drama, Mystery","When New York actor Paul Cole is beaten and left for dead in 1950s Ohio, he loses his memory and finds himself stranded in a mysterious small town where he struggles to get back home and reclaim what he's lost.",14,"AppleTV, Plex, Amazon",6.99,"AppleTV, Plex, Amazon",false,false
1815147,tt32194932,The Ritual,2025,33,"Drama, Horror, Thriller","Two priests, one in crisis with his faith and the other confronting a turbulent past, must overcome their differences to perform a risky exorcism.",12,"AppleTV, Paramount Plus, Hoopla, Cineplex, Amazon",0.99,AppleTV,false,true
1711398,tt27774999,Bonjour Tristesse,2025,64,"Drama, Romance",Cécile's relaxing summer with her father in the south of France is upended by the arrival of the enigmatic Anne.,16,"AppleTV, Plex, Cineplex, Amazon",6.99,"AppleTV, Plex, Cineplex, Amazon",false,false
1698888,tt21191806,Back in Action,2025,46,"Action, Comedy",Former CIA spies Emily and Matt are pulled back into espionage after their secret identities are exposed.,1,Netflix,,,false,false
1845616,tt29471733,Picture This,2025,55,"Comedy, Romance","Struggling photographer Pia receives a prediction: true love awaits in her next five dates. With her sister's wedding looming and her family playing matchmaker, her ex re-appears, throwing her love life into chaos.",1,Prime Video,,,false,false
1887132,tt21187592,The Threesome,2025,70,"Comedy, Drama, Romance","When a young man's crush leads him into an unexpected threesome, he thinks it's his ultimate fantasy come true. But when the fantasy ends, all three are left with sobering consequences, forcing them to be responsible for their act...",8,"AppleTV, Plex",7.99,AppleTV,false,false
1818735,tt29344903,The Ugly Stepsister,2025,70,"Comedy, Drama, Horror","Follows Elvira as she battles against her gorgeous stepsister in a realm where beauty reigns supreme. She resorts to extreme measures to captivate the prince, amidst a ruthless competition for physical perfection.",14,"AppleTV, Shudder (Via Amazon Prime), Shudder, Amazon",6.99,"AppleTV, Amazon",false,false
1893263,tt14205554,KPop Demon Hunters,2025,77,"Animation, Action, Adventure",A world-renowned K-Pop girl group balance their lives in the spotlight with their secret identities as demon hunters.,1,Netflix,,,false,true
1703330,tt5950044,Superman,2025,68,"Action, Adventure, Sci-Fi","Superman must reconcile his alien Kryptonian heritage with his human upbringing as reporter Clark Kent. As the embodiment of truth, justice and the human way he soon finds himself in a world that views these as old-fashioned.",17,"AppleTV, Crave, Cineplex, Amazon, Plex",5.99,Plex,true,false
1814922,tt32150684,Liza: A Truly Terrific Absolutely True Story,2025,76,"Documentary, Biography","A tribute to a young artist of unlimited raw talent and the deep, creative relationships she has with her mentors and influences.",8,"AppleTV, YouTube",4.99,YouTube,false,true
1891700,tt26304178,O'Dessa,2025,41,"Drama, Music, Musical","A farm girl in search to recover a cherished family heirloom. She travels to a strange and dangerous city where she meets her one true love. To save his soul, she must put the power of destiny to the ultimate test.",1,Disney+,,,false,true
1712067,tt16426570,Barron's Cove,2025,58,"Crime, Drama, Thriller","After his son is tragically killed, a grieving father with a history of violence kidnaps the child responsible, igniting a frenzied manhunt fueled by a powerful politician, the father of the kidnapped boy.",10,"FlixFling, AppleTV, Amazon",5.99,"AppleTV, Amazon",false,false
1923925,tt31249107,Salvable,2025,54,"Action, Adventure, Crime",An aging boxer struggles to escape the grasp of a small town while battling a fractured relationship with his teenage daughter.,17,"AppleTV, Cineplex, Amazon, FlixFling, Plex",5.99,FlixFling,false,false
1783110,tt31193180,Sinners,2025,84,"Action, Drama, Horror","Trying to leave their troubled lives behind, twin brothers return to their hometown to start again, only to discover that an even greater evil is waiting to welcome them back.",17,"AppleTV, Crave, Cineplex, Amazon, Plex",5.99,Plex,true,false
1791181,tt31314296,The Woman in the Yard,2025,51,"Drama, Horror, Thriller","A mysterious woman repeatedly appears in a family's front yard, often delivering chilling warnings and unsettling messages, leaving them to question her identity, motives and the potential danger she might pose.",18,"AppleTV, Cineplex, Amazon, YouTube, FlixFling, Prime Video",5.99,FlixFling,false,false
1821330,tt32331377,The Luckiest Man in America,2025,68,Thriller,May 1984. An unemployed ice cream truck driver steps onto the game show Press Your Luck harboring a secret: the key to endless money. But his winning streak is threatened when the bewildered executives uncover his real motivations.,12,"AppleTV, Hoopla, Cineplex, fuboTV, Amazon",4.99,"AppleTV, Cineplex, Amazon",false,false
1831430,tt32558992,Heart Eyes,2025,61,"Comedy, Horror, Mystery","When two coworkers have to survive the Heart Eyes Killer on Valentine's Day, the two have to find out who it is.",13,"AppleTV, Cineplex, Amazon, YouTube",6.99,"AppleTV, Cineplex, Amazon",false,false
1679207,tt14041896,The Parenting,2025,45,"Comedy, Horror",A couple rents a countryside house for a weekend with their parents and then discover it's inhabited by a 400-year-old poltergeist.,15,"AppleTV, Plex, Amazon, Crave",4.99,"AppleTV, Amazon",false,false
1787457,tt30505698,Friendship,2025,72,Comedy,A suburban dad falls hard for his charismatic new neighbor.,13,"AppleTV, Paramount Plus, Hoopla, Cineplex, Amazon, FlixFling",4.99,"AppleTV, Amazon",true,false
1696767,tt23060698,Clown in a Cornfield,2025,55,"Horror, Mystery, Thriller","A fading midwestern town in which Frendo the clown, a symbol of bygone success, reemerges as a terrifying scourge.",17,"AppleTV, Cineplex, Amazon, Plex, Prime Video",6.99,"AppleTV, Plex, Cineplex, Amazon",false,false
1709598,tt31956415,Freakier Friday,2025,60,"Comedy, Family, Fantasy","22 years after Tess and Anna endured an identity crisis, Anna now has a daughter and a soon-to-be stepdaughter. As they navigate the challenges that come when two families merge, Tess and Anna discover that lightning might strike ...",12,"AppleTV, Amazon",29.99,"AppleTV, Amazon",false,false
1889550,tt32063050,Bridget Jones: Mad About the Boy,2025,72,"Comedy, Drama, Romance","After jumping back into the dating pool, single mother Bridget Jones finds herself caught between a younger man and her son's science teacher.",16,"AppleTV, Cineplex, Amazon, FlixFling, Prime Video",4.99,Amazon,false,false
1629460,tt4419684,In the Lost Lands,2025,41,"Action, Adventure, Fantasy","A queen sends the powerful and feared sorceress Gray Alys to the ghostly wilderness of the Lost Lands in search of a magical power, where the sorceress and her guide, the drifter Boyce, must outwit and outfight man and demon.",17,"AppleTV, Crave, Cineplex, Amazon, Plex",6.99,"AppleTV, Plex, Cineplex, Amazon",false,false
1726235,tt30645201,Honey Don't!,2025,46,"Comedy, Crime, Mystery","A dark comedy about small-town private investigator Honey O'Donahue, who delves into a series of strange deaths tied to a mysterious church.",14,"AppleTV, Cineplex, Amazon",14.99,"AppleTV, Amazon",false,false
1710250,tt10078772,Flight Risk,2025,38,"Action, Crime, Drama","A pilot transports an Air Marshal accompanying a fugitive to trial. As they cross the Alaskan wilderness, tensions soar and trust is tested, as not everyone on board is who they seem.",20,"AppleTV, Crave, Cineplex, Amazon, YouTube, FlixFling, Plex",5.99,FlixFling,false,true
1765892,tt1714918,Neighborhood Watch,2025,74,"Crime, Thriller","When a mentally ill young man thinks he witnesses an abduction and the police refuse to believe him, he reluctantly turns to his next-door neighbor, a bitter and retired security guard, to help him find the missing person.",6,AppleTV,6.99,AppleTV,false,false
1858232,tt26677014,The Penguin Lessons,2025,52,Drama,A disillusioned Englishman who goes to work in a school in a divided Argentina in 1976 finds his life transformed when he rescues an orphaned penguin from the beach.,13,"AppleTV, Cineplex, Hoopla, Amazon",6.99,"AppleTV, Cineplex, Amazon",false,false
1620941,tt13357520,Heads of State,2025,57,"Action, Comedy, Thriller","When the U.K. Prime Minister and U.S. President become the targets of a foreign adversary, they are forced to rely on each other to thwart a global conspiracy.",6,"AppleTV, Prime Video, Amazon",14.99,"AppleTV, Amazon",true,false
1761495,tt29929565,Opus,2025,42,"Drama, Music, Thriller","A writer travels to the compound of a pop icon who disappeared years ago. Surrounded by his cult of sycophants, as well as a group of fellow journalists, she soon discovers his twisted plans for the gathering.",19,"AppleTV, Paramount Plus, Hoopla, Cineplex, Amazon, YouTube, FlixFling",4.99,"Cineplex, Amazon",false,false
1639358,tt4216984,Wolf Man,2025,50,Horror,"A family at a remote farmhouse is attacked by an unseen animal, but as the night stretches on, the father begins to transform into something unrecognizable.",19,"AppleTV, Cineplex, Amazon, YouTube, Prime Video",4.99,"AppleTV, Amazon",false,false
1620394,tt11092020,Shadow Force,2025,27,"Action, Drama, Thriller","An estranged couple with a bounty on their heads must go on the run with their son to avoid their former employer, a unit of shadow ops that has been sent to kill them.",17,"AppleTV, Cineplex, Amazon, FlixFling, Plex",5.99,FlixFling,false,true
1717436,tt26657977,Adulthood,2025,53,"Comedy, Crime, Drama","Siblings Megan and Noah discover a dead body, long buried in their parents' basement, sending them down a rabbit hole of crime and murder.",13,"AppleTV, Cineplex, Amazon, YouTube, FlixFling",3.99,FlixFling,false,false
1818900,tt28332337,Eephus,2025,80,"Comedy, Drama","Grown men's recreational baseball game stretches to extra innings on their beloved field's final day before demolition. Humor and nostalgia intertwine as daylight fades, signaling an era's end.",1,MUBI,,,false,false
1700783,tt20911974,My Mother's Wedding,2025,49,"Comedy, Drama","Three sisters return to their home for the third wedding of their twice-widowed mother. But the mother and daughters are forced to revisit the past and confront the future, with help from a colorful group of unexpected wedding gue...",10,"AppleTV, Amazon",7.99,"AppleTV, Amazon",false,false
1827948,tt31050620,Inheritance,2025,55,Thriller,"When a young woman learns her father was once a spy, she suddenly finds herself at the center of an international conspiracy.",14,"SundanceNow Doc Club (Via Amazon Pr, Sundance, AppleTV, Amazon",4.99,Amazon,false,false
1794137,tt32149847,Drop,2025,65,"Drama, Mystery, Thriller","A widowed mother's first date in years takes a terrifying turn when she's bombarded with anonymous threatening messages on her phone during their upscale dinner, leaving her questioning if her charming date is behind the harassment.",18,"AppleTV, Cineplex, Amazon, FlixFling, Prime Video",5.99,FlixFling,true,false
1858584,tt26671996,Locked,2025,45,Thriller,A thief breaking into a luxury SUV realizes that he has slipped into a sophisticated game of psychological horror.,17,"AppleTV, Cineplex, Amazon, FlixFling, Plex",5.99,FlixFling,false,false
1683500,tt20212786,The Shrouds,2025,72,"Drama, Horror, Sci-Fi","Karsh, an innovative businessman and grieving widower, builds a device to connect with the dead inside a burial shroud.",14,"AppleTV, Cineplex, Amazon",5.99,"AppleTV, Cineplex, Amazon",false,false
1832786,tt26743210,How to Train Your Dragon,2025,61,"Action, Adventure, Comedy","As an ancient threat endangers both Vikings and dragons alike on the isle of Berk, the friendship between Hiccup, an inventive Viking, and Toothless, a Night Fury dragon, becomes the key to both species forging a new future together.",16,"AppleTV, Cineplex, Prime Video, Amazon",6.99,"AppleTV, Amazon",false,false
1855542,tt33292655,"Oh, Hi!",2025,62,Comedy,Iris and Isaac's first romantic weekend getaway goes awry in a most unexpected way.,10,"AppleTV, Cineplex, Amazon",6.99,AppleTV,false,false
1685606,tt20969586,Thunderbolts*,2025,68,"Action, Adventure, Crime","After finding themselves ensnared in a death trap, an unconventional team of antiheroes must go on a dangerous mission that will force them to confront the darkest corners of their pasts.",15,"AppleTV, Cineplex, Disney+, Amazon",6.99,"AppleTV, Cineplex, Amazon",false,false
1709096,tt27714946,The Monkey,2025,62,Horror,"When twin brothers Bill and Hal find their father's old monkey toy in the attic, a series of gruesome deaths start. The siblings decide to throw the toy away and move on with their lives, growing apart over the years.",19,"AppleTV, Cineplex, Amazon, YouTube, Plex, Prime Video",6.99,"AppleTV, Plex, Cineplex, Amazon",false,false
1886471,tt27621210,Ice Road: Vengeance,2025,37,"Action, Adventure, Thriller","Mike travels to Nepal to scatter his late brother's ashes on Mt. Everest. When Mike and his mountain guide encounter mercenaries on a tour bus, they are forced to fight to save themselves, the passengers, and the local villagers' ...",1,Prime Video,,,true,false
1841376,tt32768323,The Assessment,2025,62,"Drama, Sci-Fi","In the near future where parenthood is strictly controlled, a couple's seven-day assessment for the right to have a child unravels into a psychological nightmare.",1,Prime Video,,,false,false
1874486,tt36463894,Predator: Killer of Killers,2025,78,"Animation, Action, Adventure",Three of the fiercest warriors in human history become prey to the ultimate killer of killers.,1,Disney+,,,false,true
1824840,tt13020386,Four Letters of Love,2025,37,Drama,"Based on Niall Williams' best-selling novel. Nicholas and Isabel were made for each other but how will they ever know it? As ghosts, fate and the sheer power of true love pull them together, so too does life threaten to tear them ...",11,"AppleTV, Cineplex, Hoopla, Amazon",6.99,"AppleTV, Cineplex, Amazon",false,true
1712149,tt27813235,The Surfer,2025,67,Thriller,"A man returns to the idyllic beach of his childhood to surf with his son. When he is humiliated by a group of locals, the man is drawn into a conflict that keeps rising and pushes him to his breaking point.",16,"AppleTV, Plex, Cineplex, Amazon",6.99,"AppleTV, Plex, Cineplex, Amazon",false,false
1684871,tt18392014,Play Dirty,2025,46,"Action, Crime, Drama",A ruthless thief and his expert crew stumble onto the heist of a lifetime.,1,Prime Video,,,false,false
1758068,tt9150192,A Working Man,2025,52,"Action, Thriller","Levon Cade left his profession behind to work construction and be a good dad to his daughter. But when a local girl vanishes, he's asked to return to the skills that made him a mythic figure in the shadowy world of counter-terrorism.",7,"AppleTV, Cineplex, Prime Video, Amazon",7.99,AppleTV,false,false
1885443,tt23131648,Bloat,2025,40,Horror,"It follows a mother and two sons vacationing in Japan. Their younger son almost drowns in a lake, and soon after the accident, the parents realize that something is wrong with their boy.",19,"AppleTV, Shudder (Via Amazon Prime), Cineplex, Amazon, YouTube, FlixFling, Shudder",5.99,FlixFling,false,true
1891802,tt14403504,Last Breath,2025,65,"Drama, Thriller",A true story that follows seasoned deep-sea divers as they battle the raging elements to rescue their crew mate trapped hundreds of feet below the ocean's surface.,18,"AppleTV, Cineplex, Amazon, YouTube, FlixFling, Plex, Prime Video",5.99,FlixFling,true,false
1700132,tt31433402,Fear Street: Prom Queen,2025,41,"Horror, Mystery, Thriller","When the ""it"" girls competing for prom queen at Shadyside High start to disappear, a gutsy outsider discovers she's in for one hell of a prom night.",1,Netflix,,,false,true
1639211,tt15010692,The Damned,2025,64,"Drama, Horror, Mystery","A 19th-century widow has to make an impossible choice when, during an especially cruel winter, a foreign ship sinks off the coast of her Icelandic fishing village.",13,"AppleTV, Amazon, YouTube",3.99,Amazon,false,false
1861966,tt10954718,Dog Man,2025,66,"Animation, Action, Adventure","After a policeman and his police dog are fused together to turn into Dog Man, he must stop the villainous Petey the Cat from cloning himself and creating an evil kitten, doubling his evil abilities.",19,"AppleTV, Cineplex, Amazon, YouTube, FlixFling, Prime Video",3.99,FlixFling,false,false
1892952,tt26581740,Weapons,2025,81,"Horror, Mystery","When all but one child from the same class mysteriously vanish on the same night at exactly the same time, a community is left questioning who or what is behind their disappearance.",23,"AppleTV, Plex, Cineplex, Amazon",13.99,Plex,false,false
1880105,tt26927452,Hurry Up Tomorrow,2025,29,Thriller,"An insomniac musician encounters a mysterious stranger, leading to a journey that challenges everything he knows about himself.",17,"AppleTV, Cineplex, Amazon, FlixFling, Plex",5.99,FlixFling,false,false
1598630,tt11655566,Lilo & Stitch,2025,53,"Action, Adventure, Comedy","A lonely Hawaiian girl befriends a runaway alien, helping to mend her fragmented family.",14,"AppleTV, Cineplex, Disney+, Amazon",6.99,"AppleTV, Amazon",false,true
1805498,tt31909270,Swiped,2025,45,"Biography, Drama, History","Inspired by the story of Whitney Wolfe Herd, founder and former CEO of dating platform Bumble.",1,Disney+,,,false,false
1623694,tt7766378,The Electric State,2025,30,"Action, Adventure, Comedy","An orphaned teen hits the road with a mysterious robot to find her long-lost brother, teaming up with a smuggler and his wisecracking sidekick.",1,Netflix,,,false,true
1813124,tt33452974,Bullet Train Explosion,2025,63,"Action, Crime, Drama",A group who straps bombs to a Japanese bullet train in an attempt to extort money from the government.,1,Netflix,,,false,false
1940214,tt31806049,Brick,2025,53,"Drama, Mystery, Sci-Fi",A couple whose apartment building is suddenly surrounded by a mysterious brick wall must work with their neighbors to find a way out.,1,Netflix,,,false,false
1675925,tt18069420,Smurfs,2025,31,"Animation, Adventure, Comedy","When Papa Smurf is taken by evil wizards Razamel and Gargamel, Smurfette leads the Smurfs on a mission to the real world to save him.",17,"AppleTV, Paramount Plus, Cineplex, Amazon, Plex",6.99,"AppleTV, Plex, Amazon",false,false
1770438,tt21375602,Love Me,2025,52,"Drama, Romance, Sci-Fi",A postapocalyptic romance in which a boy and a satellite meet online and fall in love after the end of human civilization.,1,Prime Video,,,false,false
1848008,tt32606918,From Ground Zero,2025,83,"Documentary, Animation, Drama","From Ground Zero is a collection of 22 short films made in Gaza. Initiated by Palestinian director Rashid Masharawi, the project was born to give a voice to 22 Gazan filmmakers to tell the untold stories of the current war on film.",9,"AppleTV, Plex, YouTube",4.99,YouTube,false,false
3255388,tt32378300,Summer of 69,2025,64,"Comedy, Drama","Abby seeks to impress her crush by learning a specific sexual position, enlisting a stripper's help. However, she realizes true self-discovery and lasting friendship are more valuable.",1,Disney+,,,false,false
1783821,tt30833959,Cheech & Chong's Last Movie,2025,72,"Documentary, Comedy","Exploring their 5-decade career performing stand-up, making records, and starring in hit films. It covers their lives, comedy partnership, and lasting influence on pop culture.",12,"AppleTV, Plex, Amazon",5.99,AppleTV,false,true
1706659,tt23732034,The Uninvited,2025,61,"Comedy, Drama","A stranger crashes a party, sparking a comedy of errors, and a reordering of life.",10,"AppleTV, Amazon",4.99,"AppleTV, Amazon",false,false
1787159,tt31121295,Deep Cover,2025,67,"Action, Comedy, Crime",Three improv actors are asked to go undercover by the police in London's criminal underworld.,1,Prime Video,,,true,false
1850112,tt27052633,Echo Valley,2025,53,"Drama, Thriller","Kate is dealing with a personal tragedy while owning and training horses in Echo Valley, an isolated and picturesque place, when her daughter, Claire, arrives at her doorstep, frightened, trembling and covered in someone else's bl...",1,AppleTV+,,,false,false
1789577,tt30253514,Pavements,2025,76,"Documentary, Biography, Music","Documentary about the American indie band Pavement, which combines scripts with documentary images of the band and a musical mise-en-scene composed of songs from their discography.",11,"AppleTV, Amazon, MUBI",3.99,Amazon,false,false
1791912,tt1493274,Caught Stealing,2025,65,"Comedy, Crime, Thriller","Burned-out ex-baseball player Hank Thompson unexpectedly finds himself embroiled in a dangerous struggle for survival amidst the criminal underbelly of 1990s New York City, forced to navigate a treacherous underworld he never imag...",10,"AppleTV, Amazon",24.99,"AppleTV, Amazon",false,false
1794182,tt31456973,Alarum,2025,23,"Action, Crime, Thriller","Two rogue spies go off-grid, marry, and come under attack at their remote cabin hideaway by various intel agencies seeking a stolen hard drive.",16,"AppleTV, Crave, Cineplex, Amazon, YouTube, Plex",6.99,"AppleTV, Cineplex, Amazon, YouTube, Plex",false,false
1891402,tt28996126,Nobody 2,2025,59,"Action, Comedy, Crime","Suburban dad Hutch Mansell, a former lethal assassin, is pulled back into his violent past after thwarting a home invasion, setting off a chain of events",16,"AppleTV, Cineplex, Amazon",14.99,Amazon,true,false
1768744,tt13652286,Fight or Flight,2025,59,"Action, Comedy",A mercenary takes on the job of tracking down a target on a plane but must protect that target when they're surrounded by people trying to kill both of them.,11,"AppleTV, Paramount Plus, Amazon",5.99,"AppleTV, Amazon",false,false
1697489,tt23476986,G20,2025,52,"Action, Thriller","Terrorists take over the G20 summit with President Sutton, bringing her governing and military experience to defend her family, company, and the world.",15,"AppleTV, Cineplex, Amazon, Plex, Prime Video",3.99,AppleTV,false,false
1778230,tt30788842,Love Hurts,2025,34,"Action, Comedy, Romance","A realtor is pulled back into the life he left behind after his former partner-in-crime resurfaces with an ominous message. With his crime-lord brother also on his trail, he must confront his past and the history he never fully bu...",18,"AppleTV, Cineplex, Amazon, YouTube, Prime Video",4.99,Amazon,false,true
1789382,tt32985279,Steve,2025,70,"Comedy, Drama","Follows headteacher Steve battling for his reform college's survival while managing his mental health. Concurrently, troubled student Shy navigates his violent tendencies and fragility, torn between his past and future prospects.",1,Netflix,,,false,false
1566628,tt9603208,Mission: Impossible - The Final Reckoning,2025,67,"Action, Adventure, Thriller","Hunt and the IMF pursue a dangerous AI called the Entity that's infiltrated global intelligence. With governments and a figure from his past in pursuit, Hunt races to stop it from forever changing the world.",15,"AppleTV, Plex, Cineplex, Amazon",6.99,"AppleTV, Plex, Amazon",true,false
1973367,tt14808764,Abraham's Boys,2025,39,Horror,Abraham van Helsing moves his two sons to the United States in an attempt to escape their past.,12,"AppleTV, Amazon",6.99,"AppleTV, Amazon",false,true
1696244,tt22898462,The Conjuring: Last Rites,2025,54,"Horror, Mystery, Thriller",Paranormal investigators Ed and Lorraine Warren take on one last terrifying case involving mysterious entities they must confront.,14,"AppleTV, Plex, Amazon",23.99,Plex,false,false
1744261,tt30017619,The Bad Guys 2,2025,64,"Animation, Action, Adventure","The Bad Guys are struggling to find trust and acceptance in their newly minted lives as Good Guys, when they are pulled out of retirement and forced to do ""one last job"" by an all-female squad of criminals.",16,"AppleTV, Cineplex, Amazon",14.99,"AppleTV, Amazon",false,false
1763456,tt32843349,"Sorry, Baby",2025,89,"Comedy, Drama","Something bad happened to Agnes. But life goes on - for everyone around her, at least.",13,"AppleTV, Hoopla, Cineplex, Amazon, Plex",1.99,AppleTV,false,false
1914059,tt34966650,"It's Never Over, Jeff Buckley",2025,72,Documentary,"Never-before-seen footage, exclusive voice messages, and accounts from Jeff Buckley's inner circle paint a captivating portrait of the gifted musician who died tragically in 1997, having only released one album.",2,AppleTV,19.98,AppleTV,false,true
1885139,tt14893438,Wish You Were Here,2025,50,Romance,A woman searching for a spark finds a whirlwind night of romance with a man only to discover he is terminally ill and commits to helping him spend his last days living life to the fullest.,17,"AppleTV, Cineplex, Amazon, FlixFling, Plex",5.99,FlixFling,false,false
1653388,tt12299608,Mickey 17,2025,72,"Adventure, Comedy, Fantasy","During a human expedition to colonize space, Mickey 17, a so-called ""expendable"" employee, is sent to explore an ice planet.",19,"AppleTV, Crave, Cineplex, Amazon, YouTube, Plex",3.99,Plex,true,false
1768232,tt30253036,Kinda Pregnant,2025,38,"Comedy, Drama","When Lainy's plan to settle down and start a family falls apart, she puts on a fake baby bump, tells a lie and accidentally falls for her dream guy.",1,Netflix,,,false,true
1699552,tt22751422,The Accidental Getaway Driver,2025,69,"Drama, Thriller","During a routine pickup, an elderly Vietnamese cab driver is taken hostage at gunpoint by three recently escaped Orange County convicts.",12,"AppleTV, Cineplex, Amazon",4.99,Amazon,false,false
1781104,tt27075958,Fountain of Youth,2025,41,"Action, Adventure, Fantasy","Two estranged siblings join forces to seek the legendary Fountain of Youth. Using historical clues, they embark on an epic quest filled with adventure. If successful, the mythical fountain could grant them immortality.",1,AppleTV+,,,false,false
1696954,tt22004186,A Little Prayer,2025,82,Drama,A man tries to protect his daughter-in-law when he finds out that his son is having an affair.,4,AppleTV,3.99,AppleTV,false,false
1933755,tt35396529,Mountainhead,2025,66,Drama,Four friends reunite during worldwide economic turmoil.,11,"AppleTV, Plex, Amazon, Crave",5.99,Plex,false,false
1765851,tt1674782,Karate Kid: Legends,2025,51,"Action, Drama, Family","After kung fu prodigy Li Fong relocates to New York City, he attracts unwanted attention from a local karate champion and embarks on a journey to enter the ultimate karate competition with the help of Mr. Han and Daniel LaRusso.",15,"AppleTV, Crave, Cineplex, Amazon, Plex",6.99,"AppleTV, Plex, Cineplex, Amazon",false,false
1816389,tt32221196,One of Them Days,2025,71,Comedy,"When best friends and roommates Dreux and Alyssa discover Alyssa's boyfriend has blown their rent money, the duo finds themselves going to extremes in a race against the clock to avoid eviction and keep their friendship intact.",15,"AppleTV, Crave, Cineplex, Amazon, YouTube",3.99,YouTube,false,false
1926317,tt34956443,Ne Zha 2,2025,68,"Animation, Action, Adventure","After a great catastrophe, the souls of Nezha and Aobing are saved, but their bodies face ruin. To give them new life, Taiyi Zhenren turns to the mystical seven-colored lotus in a daring bid to rebuild them and change their fate.",10,"AppleTV, Amazon",14.99,"AppleTV, Amazon",false,true
1880459,tt31176520,Eddington,2025,65,"Comedy, Drama, Western","In May of 2020, a standoff between a small-town sheriff and mayor sparks a powder keg as neighbor is pitted against neighbor in Eddington, New Mexico.",17,"AppleTV, Hoopla, Cineplex, Amazon, Plex",6.99,"AppleTV, Plex, Amazon",false,false
1879809,tt27721490,Tornado,2025,57,"Action, Drama, Thriller","A Japanese puppeteer's daughter gets caught up with criminals when their show crosses paths with a crime gang, led by Sugarman and his son Little Sugar.",14,"SundanceNow Doc Club (Via Amazon Pr, Sundance, AppleTV, Amazon",6.99,"AppleTV, Amazon",false,false
1777639,tt30766582,Screamboat,2025,44,"Comedy, Horror","On the last ferry of the night in New York, passengers and crew are hunted by a merciless rat, and what should have been a peaceful crossing turns into a bloody massacre.",4,AppleTV,6.99,AppleTV,false,true
1854016,tt33247023,Splitsville,2025,74,Comedy,"When Ashley asks for a divorce, the good-natured Carey runs to his friends, Julie and Paul, for support. Their secret to happiness is an open marriage; that is, until Carey crosses the line and throws all of their relationships in...",14,"AppleTV, Plex, Amazon",14.99,"AppleTV, Plex, Amazon",false,false
1827374,tt27674700,Rosario,2025,50,Horror,"Rosario spends the night with her grandmother's body while she waits for the ambulance to arrive, during a severe snowfall, Rosario is attacked by otherworldly entities that have taken control of her grandmother's body.",14,"AppleTV, Cineplex, Amazon",6.99,"AppleTV, Cineplex, Amazon",false,false
1835768,tt32751543,Barbara Walters: Tell Me Everything,2025,65,Documentary,"Exploring the pioneering career of Barbara Walters, this documentary delves into her influential role in broadcast journalism, shedding light on sexism, ambition, and the challenges women face in achieving success.",1,Disney+,,,false,true
1881128,tt27775403,Riff Raff,2025,47,"Comedy, Crime",A former criminal's ordinary life is turned upside down when his old family shows up for a long-awaited reunion.,2,"FlixFling, Prime Video",5.99,FlixFling,false,false
1843734,tt30012657,Apocalypse in the Tropics,2025,82,"Documentary, History",An exploration of the profound impact of evangelism on Brazil's political landscape.,1,Netflix,,,false,false
1621951,tt5181260,The Unbreakable Boy,2025,35,Drama,"A young boy with both a rare brittle-bone disease and autism transforms everyone around him with his joyous, funny, and life-affirming world view.",18,"AppleTV, Cineplex, Amazon, YouTube, FlixFling, Plex",5.99,FlixFling,false,true
1685399,tt20214908,Another Simple Favor,2025,54,"Comedy, Crime, Mystery","Stephanie Smothers and Emily Nelson reunite on the island of Capri, Italy for Emily's extravagant wedding to a rich Italian businessman, which is interrupted by murder and betrayal.",7,"AppleTV, Cineplex, Prime Video, Amazon",14.99,"AppleTV, Amazon",false,false
1727264,tt28309594,Nonnas,2025,57,Comedy,"After losing his beloved mother, a man risks everything to honor her by opening an Italian restaurant with actual grandmothers as the chefs.",1,Netflix,,,true,false
1890365,tt7967302,The King of Kings,2025,42,"Animation, Family","Through a father's vivid storytelling, a boy journeys through Jesus' life, from humble beginnings to ultimate sacrifice. Along the way, he discovers the transformative power of faith.",8,"AppleTV, Amazon",3.99,"AppleTV, Amazon",false,true
1837570,tt16311594,F1,2025,68,"Action, Drama, Sport",A Formula One driver comes out of retirement to mentor and team up with a younger driver.,8,"AppleTV, Cineplex, Amazon",24.99,"AppleTV, Cineplex, Amazon",false,false
1970564,tt33022710,Ocean with David Attenborough,2025,93,Documentary,"Attenborough explores the planet's undersea habitats, revealing the greatest age of ocean discovery and emphasizing the ocean's vital importance while exposing its problems and highlighting opportunities for marine life recovery.",1,Disney+,,,false,false
1756904,tt22478818,William Tell,2025,52,"Action, Biography, Drama","The narrative unfolds in the 14th Century amidst the days of the Holy Roman Empire where Europe's nations fiercely vie for supremacy and the ambitious Austrians, desiring more land, encroach upon Switzerland, a serene and pastoral...",10,"AppleTV, Prime Video, Hoopla, Amazon",6.99,"AppleTV, Amazon",false,false
1782532,tt30955489,Until Dawn,2025,47,"Drama, Horror","A group of friends trapped in a time loop, where mysterious foes chase and kill them in gruesome ways, must survive until dawn to escape it.",15,"AppleTV, Crave, Cineplex, Amazon, Plex",6.99,"AppleTV, Plex, Cineplex, Amazon",false,false
1704999,tt15042300,On Swift Horses,2025,63,"Drama, Romance","Muriel and her husband Lee are about to begin a bright new life, which is upended by the arrival of Lee's brother. Muriel embarks on a secret life, gambling on racehorses and discovering a love she never thought possible.",13,"AppleTV, Cineplex, Hoopla, Amazon",4.99,Amazon,false,false
1770890,tt26697087,The Cut,2025,52,Thriller,A retired boxer returns to the ring for one last shot at the title but only if he can make the weight. Holed up in a room in Las Vegas he embarks on an intensive and illegal weight cut program with an unscrupulous trainer.,14,"AppleTV, Plex, Amazon",6.99,"AppleTV, Plex, Amazon",false,false
1864863,tt15143042,Green and Gold,2025,59,Drama,"A struggling family farmer wagers everything on a high-stakes Championship bet, while his granddaughter's musical ambitions could be their ticket to a new beginning.",7,"AppleTV, Hoopla, YouTube",5.99,AppleTV,false,false
1538533,tt7181546,Ballerina,2025,59,"Action, Thriller",An assassin trained in the traditions of the Ruska Roma organization sets out to seek revenge after her father's death.,16,"AppleTV, Plex, Cineplex, Amazon",6.99,"AppleTV, Plex, Cineplex, Amazon",false,false
1798128,tt2172954,The Life List,2025,49,"Comedy, Drama, Romance","A woman revisits her childhood aspirations, endeavoring to achieve her old goals, only to discover that pursuing these lifelong dreams takes her on an unforeseen and surprising journey.",1,Netflix,,,false,false
1700766,tt12001534,The Thursday Murder Club,2025,60,"Comedy, Crime, Mystery","Four irrepressible retirees spend their time solving cold case murders for fun, but their casual sleuthing takes a thrilling turn when they find themselves with a real whodunit on their hands.",1,Netflix,,,false,false
1723342,tt28230296,It Feeds,2025,66,Horror,"After a young girl bursts into their home psychiatry practice claiming an entity is feeding on her, Jordan and her clairvoyant mother must find a way to stop the force before the girl is taken completely.",4,AppleTV,6.99,AppleTV,false,false
1687763,tt21267296,Hell of a Summer,2025,54,"Comedy, Horror, Mystery",The counselors of a summer camp are terrorized by a masked killer.,12,"AppleTV, Cineplex, Amazon",4.99,Amazon,false,false
1915719,tt34977130,Don't Die: The Man Who Wants to Live Forever,2025,55,Documentary,Explores a man's quest for immortality and the lengths he goes to defy aging.,1,Netflix,,,false,false
1804101,tt31868189,Happy Gilmore 2,2025,52,"Comedy, Sport",Revisit Happy Gilmore's golf career after his win in the Tour Championship.,1,Netflix,,,false,false
1813097,tt32139458,A Desert,2025,64,"Horror, Thriller","A photographer's road trip takes a dark turn when he befriends a reckless couple, plunging him into a nightmarish neo-noir spiral of unpredictable horror.",4,AppleTV,5.99,AppleTV,false,false
1703643,tt4045450,I Know What You Did Last Summer,2025,42,Horror,A group of friends are terrorised by a stalker who knows about a gruesome incident from their past.,14,"AppleTV, Plex, Cineplex, Amazon",6.99,"AppleTV, Plex, Amazon",false,false
1508465,tt6208148,Snow White,2025,50,"Adventure, Family, Fantasy",A princess joins forces with seven dwarfs and a group of rebels to liberate her kingdom from her cruel stepmother the Evil Queen.,15,"AppleTV, Cineplex, Disney+, Amazon",6.99,"AppleTV, Cineplex, Amazon",false,true
1778340,tt28007064,Superboys of Malegaon,2025,71,"Comedy, Drama","The journey of an aspiring filmmaker as he bands together his group of friends to make a film for his town, Malegaon.",1,Prime Video,,,false,false
1698264,tt21942598,Freaky Tales,2025,58,"Action, Adventure, Comedy","Four interconnected stories set in 1987 Oakland, CA. will tell about the love of music, movies, people, places and memories beyond our knowable universe.",18,"AppleTV, Crave, Cineplex, Amazon, FlixFling, Plex",5.99,FlixFling,false,false
1876467,tt23398348,Rule Breakers,2025,55,Drama,"In a nation where educating girls is rebellion, a visionary woman sparks hope and opposition. Their courage ignites a movement that could transform their nation forever.",8,"AppleTV, Amazon",5.99,"AppleTV, Amazon",false,false
1690925,tt21815562,The Alto Knights,2025,47,"Biography, Crime, Drama","Two of New York City's most notorious crime bosses vie for control of the city's streets. Once best friends, petty jealousies and a series of betrayals set them on a deadly collision course.",17,"AppleTV, Crave, Cineplex, Amazon, Plex",5.99,Plex,false,false
1632821,tt14123284,Havoc,2025,57,"Action, Crime, Drama","After a drug deal gone wrong, a bruised detective must fight his way through the criminal underworld to rescue a politician's estranged son, unraveling a deep web of corruption and conspiracy that ensnares his entire city.",1,Netflix,,,false,false
1762467,tt15495150,The Witcher: Sirens of the Deep,2025,54,"Animation, Action, Adventure","Hired to probe seaside village attacks, mutant monster hunter Geralt unravels an age-old conflict between humans and sea people that threatens war between kingdoms. Aided by allies, he must solve the mystery before hostilities esc...",1,Netflix,,,false,false
1824875,tt24850708,Gunslingers,2025,22,"Action, Drama, Western","In a town named Redemption, reformed gunslinger Keller and mad genius Ben are guided by spiritual leader Jericho towards vindication. While confronting their violent histories, their newfound peace is challenged by violence and re...",18,"AppleTV, Cineplex, Amazon, YouTube, Plex",6.99,"AppleTV, Cineplex, Amazon, YouTube, Plex",false,true
1677987,tt17676734,Americana,2025,68,"Comedy, Crime, Drama",The lives of local outsiders and outcasts violently intertwine when a rare Lakota Ghost shirt falls onto the black market in a small South Dakota town.,14,"AppleTV, Plex, Amazon",9.99,"AppleTV, Plex, Amazon",false,false
1882986,tt13491834,Sacramento,2025,69,Comedy,"An energetic and free-spirited young man convinces his long-time friend, who's settled into domestic life, to go on an impromptu road trip from Los Angeles to Sacramento.",11,"AppleTV, Prime Video, Amazon",3.99,Amazon,false,false
1798022,tt31567422,Night Always Comes,2025,60,"Crime, Drama, Thriller","Risking everything to secure a future for herself and her brother, Lynette sets out on a dangerous odyssey, confronting her own dark past over the course of one propulsive night.",1,Netflix,,,false,false
1780670,tt15907380,I Love You Forever,2025,72,"Comedy, Drama",A subversive romantic comedy gone wrong that follows a young woman into and out of an emotionally abusive relationship.,4,AppleTV,3.99,AppleTV,false,false
1588223,tt7068946,The Accountant²,2025,58,"Action, Crime, Drama",Christian Wolff applies his brilliant mind and illegal methods to reconstruct the unsolved puzzle of a Treasury chief's murder.,7,"AppleTV, Cineplex, Prime Video, Amazon",14.99,"AppleTV, Amazon",true,false
1709095,tt21317634,Bride Hard,2025,23,"Action, Comedy","When a mercenary group takes a lavish wedding hostage, they have no idea what they are in for as the maid of honor is actually a secret agent ready to rain hellfire upon anyone who would ruin her best friend's wedding.",10,"AppleTV, Cineplex, Amazon",5.99,Cineplex,false,true
1893058,tt13650700,A Big Bold Beautiful Journey,2025,43,"Drama, Fantasy, Romance","Two strangers who meet at a mutual friend's wedding have the chance to relive important moments from their pasts, illuminating the path that led them to the present and gaining the opportunity to change their futures.",2,Amazon,24.99,Amazon,false,false
1847864,tt29424168,Inside,2025,70,"Crime, Drama, Thriller","Transferred from juvenile to adult prison, Mel is taken under the wing of both Shepard, Australia's most despised criminal, and Warren, a soon-to-be-paroled inmate. The paternal triangle that forms between them becomes their undoing.",11,"AppleTV, Cineplex, Hoopla, Amazon",4.99,Amazon,false,false
1890462,tt26584495,Companion,2025,70,"Sci-Fi, Thriller",A weekend getaway with friends at a remote cabin turns into chaos after it's revealed that one of the guests is not what they seem.,19,"AppleTV, Crave, Cineplex, Amazon, YouTube, Plex",3.99,Plex,true,false
1850692,tt33400719,Strange Harvest,2025,66,Horror,"Detectives are thrust into a chilling hunt for ""Mr. Shiny""-a sadistic serial killer from the past whose return marks the beginning of a new wave of grotesque, otherworldly crimes tied to a dark cosmic force.",12,"AppleTV, Cineplex, Amazon",14.99,"AppleTV, Cineplex, Amazon",false,false
1885293,tt27560723,Everything's Going to Be Great,2025,54,"Comedy, Drama","As the Smart family wrestle with their over-sized dreams, they come to realize that the struggle to find your voice and your place in the world can happen no matter what stage of life you're in.",10,"AppleTV, Cineplex, Amazon, FlixFling, Plex",5.99,FlixFling,false,false
1642466,tt14961624,The Old Guard 2,2025,44,"Action, Adventure, Fantasy","Andy leads immortal warriors against a powerful enemy threatening their group. They grapple with the resurfacing of a long-lost immortal, complicating their mission to safeguard humanity.",1,Netflix,,,false,false
1687959,tt3566834,A Minecraft Movie,2025,45,"Action, Adventure, Comedy",Four misfits are suddenly pulled through a mysterious portal into a bizarre cubic wonderland that thrives on imagination. To get back home they'll have to master this world while embarking on a quest with an unexpected expert craf...,18,"AppleTV, Crave, Cineplex, Amazon, Plex",5.99,Plex,false,true
1820455,tt30789086,Control Freak,2025,62,Horror,A motivational speaker is tormented by an unrelenting itch on the back of her head.,1,Disney+,,,false,false
3260821,tt35931046,Bono: Stories of Surrender,2025,58,"Documentary, Biography, Drama","Bono shares life stories and U2 songs in an intimate show, exploring relationships with family, friends, and faith. Features unseen footage from his Beacon Theatre performances of ""Stories of Surrender.""",1,AppleTV+,,,false,true
1730922,tt28634368,Thank You Very Much,2025,68,"Documentary, Biography, Comedy","Documentary about performance artist and ""song and dance man"" Andy Kaufman.",11,"AppleTV, Tubi TV, YouTube",3.99,YouTube,false,false
1789402,tt31194612,Highest 2 Lowest,2025,73,"Crime, Drama, Mystery","When a titan music mogul is targeted with a ransom plot, he is jammed up in a life-or-death moral dilemma.",1,AppleTV+,,,false,false
1648150,tt8866456,The Legend of Ochi,2025,67,"Adventure, Family, Fantasy","In a remote village on the island of Carpathia, a shy girl is raised to fear an elusive animal species known as ochi. But when she discovers a wounded baby ochi has been left behind, she escapes on a quest to bring him home.",18,"AppleTV, Cineplex, Amazon, FlixFling, Plex, Prime Video",5.99,FlixFling,false,true
1694482,tt13652142,Magazine Dreams,2025,65,Drama,An amateur bodybuilder battles both the limits of his physical body and his own inner demons to gain recognition.,17,"AppleTV, Cineplex, Amazon, YouTube, FlixFling",5.99,FlixFling,false,false
1791144,tt9569096,Sharp Corner,2025,76,Thriller,A dedicated family man becomes obsessed with saving the lives of the car accident victims on the sharp corner in front of his house - an obsession that could cost him everything.,16,"AppleTV, Plex, Cineplex, Amazon",6.99,"AppleTV, Plex, Cineplex, Amazon",true,false
1783225,tt30988739,Black Bag,2025,85,"Drama, Mystery, Romance","When intelligence agent Kathryn Woodhouse is suspected of betraying the nation, her husband - also a legendary agent - faces the ultimate test of whether to be loyal to his marriage, or his country.",20,"AppleTV, Cineplex, Amazon, YouTube, FlixFling, Prime Video",4.99,Amazon,true,false
1843729,tt33029955,One to One: John & Yoko,2025,79,"Documentary, Biography","Set in 1972 New York, this documentary explores John and Yoko's world amid a turbulent era. Centered on the One to One charity concert for special needs children, it features unseen archives, home movies, and restored footage.",5,"AppleTV, Hoopla",6.99,AppleTV,false,true
1788689,tt31434639,Warfare,2025,78,"Action, Drama, War","A platoon of Navy SEALs embark on a dangerous mission in Ramadi, Iraq, with the chaos and brotherhood of war retold through their memories of the event.",6,"AppleTV, FlixFling, Prime Video, Amazon",5.99,"AppleTV, FlixFling, Amazon",true,false
1768642,tt6874690,The Rule of Jenny Pen,2025,66,"Horror, Mystery, Thriller","Confined to a secluded rest home and trapped within his stroke-ridden body, a former Judge must stop an elderly psychopath who employs a child's puppet to abuse the home's residents with deadly consequences.",14,"AppleTV, Shudder (Via Amazon Prime), Shudder, Amazon",6.99,"AppleTV, Amazon",false,false
1836416,tt34966919,Magic Farm,2025,60,"Comedy, Drama","A media crew mistakenly ends up in the wrong country while trying to profile a musician. As they collaborate with locals to create a viral trend, relationships form amid an unfolding health crisis.",11,"AppleTV, Amazon, MUBI",6.99,"AppleTV, Amazon",false,false
1892942,tt26342662,M3GAN 2.0,2025,54,"Action, Sci-Fi, Thriller","Two years after M3GAN's rampage, her creator, Gemma, resorts to resurrecting her infamous creation in order to take down Amelia, the military-grade weapon who was built by a defense contractor who stole M3GAN's underlying tech.",16,"AppleTV, Cineplex, Amazon",6.99,"AppleTV, Cineplex, Amazon",false,false
1712118,tt16431330,A Nice Indian Boy,2025,85,"Comedy, Drama, Romance","When Naveen brings his fiancé Jay home to meet his traditional Indian family, they must contend with accepting his white-orphan-artist boyfriend and helping them plan the Indian wedding of their dreams.",2,AppleTV,17.98,AppleTV,false,false
1579811,tt8008948,Den of Thieves 2: Pantera,2025,60,"Action, Crime, Drama","Big Nick is back on the hunt in Europe and closing in on Donnie, who is embroiled in the treacherous world of diamond thieves and the infamous Panther mafia, as they plot a massive heist of the world's largest diamond exchange.",19,"AppleTV, Hoopla, Cineplex, Amazon, YouTube, Netflix",4.99,Cineplex,false,false
1769613,tt22023622,To a Land Unknown,2025,84,"Crime, Thriller",A Palestinian refugee living on the fringes of society in Athens gets ripped off by a smuggler and sets out to seek revenge.,4,AppleTV,5.99,AppleTV,false,true
1713183,tt26843513,Sovereign,2025,68,"Crime, Drama, Thriller","A father and son who identify as Sovereign Citizens, a group of anti-government extremists, find themselves in a standoff with a chief of police that sets off a manhunt.",14,"AppleTV, Cineplex, Amazon",6.99,"AppleTV, Amazon",true,false
1834355,tt4978342,My Oxford Year,2025,39,"Comedy, Drama, Romance","When Anna, an ambitious young American woman, sets out for Oxford University to fulfill a childhood dream, she has her life completely on track until she meets a charming and clever local who profoundly alters both of their lives.",1,Netflix,,,false,false
1815061,tt32214413,The Wedding Banquet,2025,68,"Comedy, Romance","A gay man makes a deal with his lesbian friend: a green-card marriage for him, in exchange for in vitro fertilization treatments for her. Plans evolve as Min's grandmother surprises them with a Korean wedding banquet.",12,"AppleTV, Hoopla, Crave, Cineplex, Amazon",0.99,AppleTV,false,false
1740012,tt28613536,Bob Trevino Likes It,2025,70,"Comedy, Drama","When lonely 20-something Lily Trevino accidentally befriends a stranger online who shares the same name as her own self-centered father, encouragement and support from this new Bob Trevino could change her life.",6,"AppleTV, FlixFling, Hoopla",5.99,"AppleTV, FlixFling",false,false
1729160,tt28443655,Death of a Unicorn,2025,51,"Comedy, Fantasy, Horror","A father and daughter accidentally hit and kill a unicorn while en route to a weekend retreat, where his billionaire boss seeks to exploit the creature's miraculous curative properties.",17,"AppleTV, Hoopla, Crave, Cineplex, Amazon, FlixFling",1.99,"AppleTV, Amazon",true,false
1630243,tt14186876,Bring Them Down,2025,63,"Drama, Thriller","An Irish shepherding family thrust into battle on several fronts: internal strife, hostility within the family, rivalry with another farmer. Paternalism, heritage, and the generational trauma cycle through the cultural prism of Ir...",7,"AppleTV, Amazon, MUBI",6.99,"AppleTV, Amazon",false,false
1652893,tt17023012,The Home,2025,39,"Horror, Thriller","Follows Max, who realizes that the residents and caretakers in the retirement home he started working at hide sinister secrets.",13,"AppleTV, Hoopla, Cineplex, Amazon, Plex",6.99,"AppleTV, Plex, Amazon",false,false
1717839,tt30840798,The Phoenician Scheme,2025,70,"Action, Comedy, Crime","Wealthy businessman Zsa-zsa Korda appoints his only daughter, a nun, as sole heir to his estate. As Korda embarks on a new enterprise, they soon become the target of scheming tycoons, foreign terrorists and determined assassins.",16,"AppleTV, Cineplex, Amazon, FlixFling, Prime Video",5.99,FlixFling,false,false
1838489,tt33549478,The Map That Leads to You,2025,48,"Drama, Romance",Heather's European adventure takes a turn when she meets Jack-sparking an unexpected emotional journey neither of them saw coming.,1,Prime Video,,,false,false
1884038,tt26597666,Juliet & Romeo,2025,31,"Drama, Musical, Romance","The greatest love story of all time, set as an original pop musical. Based on the real story that inspired William Shakespeare's ""Romeo and Juliet"".",8,"AppleTV, Cineplex",6.99,"AppleTV, Cineplex",false,true
1791466,tt31322753,Twinless,2025,80,"Comedy, Drama","A young man grieving the loss of his twin brother joins a support group for ""twinless twins.""",5,"AppleTV, Amazon",14.99,AppleTV,false,false
1802846,tt32138452,Ad Vitam,2025,40,"Action, Crime, Drama","After escaping an attempted murder, Franck Lazareff must find his wife Leo, who has been kidnapped by a mysterious group of armed men. He is caught up by his past and plunged into a state affair that is beyond him.",1,Netflix,,,false,false
2783601,tt31184028,Together,2025,75,"Horror, Romance","Years into their relationship, Tim and Millie find themselves at a crossroads as they move to the country. With tensions already flaring, an encounter with an unnatural force threatens to corrupt their lives, their love and their ...",14,"AppleTV, Cineplex, Amazon",9.99,"AppleTV, Amazon",false,false
1858231,tt31112509,Jane Austen Wrecked My Life,2025,73,"Comedy, Romance","A desperately single bookseller, lost in a fantasy world, finds herself forced to fulfill her dreams of becoming a writer in order to stop messing up her love life.",13,"AppleTV, Cineplex, Hoopla, Amazon",4.99,Amazon,false,false
1704323,tt0899043,The Amateur,2025,52,"Action, Thriller","When his supervisors at the CIA refuse to take action after his wife is killed in a London terrorist attack, a decoder takes matters into his own hands.",15,"AppleTV, Cineplex, Disney+, Amazon",4.99,"AppleTV, Amazon",false,false
1780773,tt10548174,28 Years Later,2025,77,"Horror, Sci-Fi, Thriller","A group of survivors of the rage virus live on a small island. When one of the group leaves the island on a mission into the mainland, he discovers secrets, wonders, and horrors that have mutated not only the infected but other su...",15,"AppleTV, Crave, Cineplex, Amazon, Plex",6.99,"AppleTV, Plex, Amazon",true,false
1843407,tt29634843,40 Acres,2025,74,"Action, Drama, Sci-Fi","In a post-apocalyptic world with food scarcity, a Black family of Canadian farmers descended from American Civil War migrants defend their homestead against cannibals trying to seize their resources.",9,"AppleTV, Hoopla, Amazon",6.99,"AppleTV, Amazon",true,false
1756809,tt6300910,The Unholy Trinity,2025,48,"Action, Adventure, Crime",Buried secrets of an 1870s Montana town spark violence when a young man returns to reclaim his legacy and is caught between a sheriff determined to maintain order and a mysterious stranger hell-bent on destroying it.,16,"AppleTV, Plex, Cineplex, Amazon",5.99,Plex,false,false
1812177,tt32119297,Blue Sun Palace,2025,83,"Drama, Romance","When tragedy strikes, an unexpected bond forms between two migrants in the Chinese community of Queens. Far from home, their labor-filled lives intertwine as they grieve and search for familial connections.",5,"AppleTV, MUBI",4.99,AppleTV,false,false
1941803,tt32550101,STRAW,2025,56,"Drama, Thriller","A single mother navigates a series of unfortunate events, leading her down an unforeseen path where she becomes embroiled in a situation she never envisioned, finding herself at the center of suspicion in an indifferent world.",1,Netflix,,,false,false
1692904,tt4900148,Elio,2025,66,"Animation, Adventure, Comedy","Elio, a space fanatic with an active imagination, finds himself on a cosmic misadventure where he must form new bonds with alien lifeforms, navigate a crisis of intergalactic proportions and somehow discover who he is truly meant ...",15,"AppleTV, Cineplex, Disney+, Amazon",6.99,"AppleTV, Amazon",false,false
1805034,tt13651462,Lurker,2025,79,"Crime, Drama, Music","A retail employee infiltrates the inner circle of an artist on the verge of stardom. As he gets closer to the budding music star, access and proximity become a matter of life and death.",2,"Amazon, MUBI",19.98,Amazon,false,false
1593277,tt10676052,The Fantastic 4: First Steps,2025,65,"Action, Adventure, Sci-Fi","Forced to balance their roles as heroes with the strength of their family bond, the Fantastic Four must defend Earth from a ravenous space god called Galactus and his enigmatic herald, the Silver Surfer.",12,"AppleTV, Amazon",29.99,"AppleTV, Amazon",false,false
1785293,tt21103218,The Lost Bus,2025,66,"Biography, Drama, History",A wayward school bus driver and a dedicated school teacher battle to save 22 children from a terrifying inferno.,1,AppleTV+,,,true,false
1856742,tt18108824,The Friend,2025,70,"Comedy, Drama","When a solitary writer adopts and bonds with a Great Dane that belonged to a late friend, she begins to come to terms with her past and her own creative inner life.",9,"AppleTV, Hoopla, Amazon",6.99,"AppleTV, Amazon",false,false
1796397,tt31519456,La Dolce Villa,2025,44,"Comedy, Romance","A successful businessman travels to Italy to stop his daughter from spending all her money to restore an old villa, but Italy has other romantic plans.",1,Netflix,,,false,true
1980197,tt36464353,My Mom Jayne,2025,75,Documentary,"Explores the life and legacy of Mariska Hargitay's mother, Hollywood icon Jayne Mansfield, who died tragically in a car accident at age 34 when Mariska was only three years old.",6,"Plex, Amazon",5.99,Plex,false,true
1700278,tt13186306,War of the Worlds,2025,6,"Horror, Sci-Fi, Thriller","A colossal invasion of Earth is coming in this off-kilter take on the legendary novel of the same name, filled with present-day themes of technology, government surveillance, and privacy.",1,Prime Video,,,false,true
1912277,tt21349688,East of Wall,2025,78,Drama,"After the death of her husband, Tabatha- a young, tattooed, rebellious horse trainer- wrestles with financial insecurity and unresolved grief while providing refuge for a group of wayward teenagers on her broken-down ranch in the ...",10,"AppleTV, Amazon",24.99,"AppleTV, Amazon",false,false
1633704,tt14513804,Captain America: Brave New World,2025,42,"Action, Adventure, Sci-Fi","Sam Wilson, the new Captain America, finds himself in the middle of an international incident and must discover the motive behind a nefarious global plan.",16,"AppleTV, Cineplex, Amazon, YouTube, Disney+",6.99,"AppleTV, Cineplex, Amazon",false,false
1886067,tt2256055,Witchboard,2025,56,"Drama, Horror, Mystery","A cursed Witchboard awakens dark forces, dragging a young couple into a deadly game of possession and deception",8,"AppleTV, Amazon",5.99,Amazon,false,false
1720017,tt28249919,Presence,2025,77,"Drama, Horror, Thriller",A family becomes convinced they are not alone after moving into their new home in the suburbs.,17,"AppleTV, Cineplex, Amazon, Plex, Prime Video",4.99,AppleTV,false,false
1881129,tt30445556,The Pickup,2025,38,"Action, Comedy",A routine cash pickup turns into a deadly pursuit when two mismatched armored truck drivers are ambushed by ruthless criminals with plans beyond the cash.,13,"AppleTV, Plex, Prime Video, Amazon",3.99,AppleTV,true,false
1727448,tt15514498,Eenie Meanie,2025,47,"Action, Comedy, Drama",A reformed teenage getaway driver is dragged back into her unsavory past when a former employer offers her a chance to save the life of her chronically unreliable ex-boyfriend.,1,Disney+,,,false,false
1700261,tt17489650,Ash,2025,63,"Horror, Mystery, Sci-Fi",A woman wakes up on a distant planet and finds the crew of her space station viciously killed. Her investigation into what happened sets in motion a terrifying chain of events.,2,"Shudder, Prime Video",,,false,false
1642750,tt10365912,Becoming Led Zeppelin,2025,64,"Documentary, Music","The film traces the journeys of the four members of the Stairway To Heaven rockers through the music scene of the 1960s and their meeting in the summer of 1968, culminating in 1970.",15,"AppleTV, Hoopla, Cineplex, Amazon, YouTube",4.99,Amazon,false,false
1843417,tt30852384,All of You,2025,68,Drama,A stirring near-futuristic romance of two best friends who harbor an unspoken love for one another even after a test matches one of them up with their supposed soulmate.,1,AppleTV+,,,false,false
1684916,tt13654226,The Gorge,2025,57,"Action, Adventure, Horror",Two operatives are appointed to posts in guard towers on opposite sides of a classified gorge.,1,AppleTV+,,,true,false
1853228,tt13610344,Harvest,2025,68,"Drama, History","Over seven hallucinatory days, a village with no name, in an undefined time and place, disappears.",2,"Amazon, MUBI",4.99,Amazon,false,false
1866605,tt32560777,Plankton: The Movie,2025,61,"Animation, Adventure, Comedy","When Karen the Computer decides to take over the world, it's up to Plankton to stop her - with a little help from SpongeBob and the Gal Pals (Pearl, Sandy, and Mrs. Puff).",1,Netflix,,,false,false
1646613,tt11001074,Rust,2025,46,"Drama, Western",An orphaned boy of 13 left to fend for himself and his younger brother in 1880s Wyoming is sentenced to hang for the accidental killing of a local rancher. His estranged grandfather breaks him out of jail and they go on the run to...,4,AppleTV,5.99,AppleTV,false,false
1569622,tt1633359,The Toxic Avenger Unrated,2025,65,"Action, Comedy, Horror",A horrible toxic accident transforms downtrodden janitor Winston Gooze into a new evolution of hero: the Toxic Avenger.,10,"AppleTV, Plex, Amazon",14.99,"AppleTV, Plex, Amazon",false,false
1688230,tt8785038,Fixed,2025,56,"Animation, Adventure, Comedy","Bull, an average, all-around good dog, discovers he's going to be neutered in the morning. He realizes he needs one last adventure with his pack of buddies, as these are the last 24 hours with his balls. What could go wrong?",1,Netflix,,,false,false
1628318,tt9024562,Saint Clare,2025,31,"Horror, Mystery, Thriller","In a small town a solitary woman is haunted by voices that lead her to assassinate ill intended people and get away with it, until her last kill sucks her down a rabbit hole riddled with corruption, trafficking and visions from th...",11,"AppleTV, Cineplex, Hoopla, Amazon",4.99,Amazon,false,true
1819995,tt27562986,Sunlight,2025,65,"Adventure, Comedy, Romance","A hilariously dark and unconventional love story, following two people on the edge of life who find purpose and romance through an unlikely connection, escaping the darkness in search of some sunlight.",4,AppleTV,6.99,AppleTV,false,false
1881130,tt21227864,You're Cordially Invited,2025,51,"Comedy, Romance","When two weddings are double-booked at the same venue, the father of one bride and the sister of the other bride try to preserve the wedding weekend.",8,"AppleTV, Cineplex, Amazon, YouTube, Prime Video",14.99,"AppleTV, Amazon",false,false
1913991,tt34965967,Deaf President Now!,2025,82,Documentary,"In 1988, Deaf students at Gallaudet University protested until the school appointed its first Deaf president, Dr. I. King Jordan, marking a pivotal moment for Deaf rights and representation.",1,AppleTV+,,,false,true
1858949,tt11539996,Relay,2025,69,"Action, Drama, Thriller",A broker of lucrative payoffs between corrupt corporations and the individuals who threaten them breaks his own rules when a new client seeks his protection to stay alive.,12,"AppleTV, Amazon",9.99,Amazon,false,false
1802887,tt27674982,The Ballad of Wallis Island,2025,78,"Comedy, Drama, Music",An eccentric lottery winner who lives alone on a remote island tries to make his fantasies come true by getting his favorite musicians to perform at his home.,16,"AppleTV, Cineplex, Amazon, FlixFling, Prime Video",5.99,FlixFling,false,false
